summonerId,summonerName
Pv2ZLtYN7zt249RqI9NJ-gd2meSSZDeETkOlf1VLviDSvHA,JUGKlNG
k-8DYiKDwlW_jSFJJvr8zqul-iLe0kRO8kRvOvZgp4Y8JWc,서랍속의가을
4aIKLLwo0fMJQdwCF4rm9i5CFFuk3pq7DdnwVbTZBx5Db89YLndeOahvyg,ArkRuHa
jN5S_SRglN5kNayBrQbzBhcX9ZaLdlWzUz19DTXCHTf6LqU,디알엑스 태윤
fHkWs8q8MS1ktsNPEEJBZ4n6kQuWbxUMbCW8FVcUbcDs3pc,스        know맨
WDlSZ8BdsJUoRriZeXW-QNRBhU5Dv8eWQcnZ-UWM-87KYjM,KT Way
R2T8gvMCimSsjjotpGdfmxybT6woFJLHrcZRf52moeqQk7-BgoODL92BZA,SMB heixiaohu
JIBehmgnwwjBOp3XvgCQO2gvzGDQY8TEzcHSc-xRPVvgaak,냥똥벌레
SAYXVltHWW19afeJXq5TSoX-6rQ_EY8G0cGDchWkIajTDdY,T1 Gumayusi
DaHEIioLFwTDySUPO99ke0O7o6KFX_8JkpOaCal4L6wCr99gBd8ifwCfsA,숏다리친구들
NKfW03oYB2ukthvp8GbE07b84hgfHkJzu5XsqeeKuCpOHw,존중겸손아닥집중
fkxrIUOMQyB9jHpAClWoPmYpQ5jR-sPaoEPph-bD_SayJts,Rich3
4gYhNTXFrFoCamRvk7-3nXOrbMHKn6t4nz1eitfVqegidxV3uAEzPDbQUw,fatiaoahri
cLhE1QaE1kbJepYsKel65HxsFpcTP1FaZhIMo0X-Qf2c3jlj,농심 peter
QIRTZ9MBe-kgq2SKL66M98msM-5ZHJvWuwIOXKPOFZfkQarfZs9myzwsSg,Geneibedasleben
y-6kwWoUYNnRcP7RBh-fi_9qLwtepumvvZIiKZSOyO5cYco,Shadow Patch
ghBWV3etrVPJjAZOg5-wEqswWg1mifnbxkm-7YXR18IptZc,하건둘리
NNx3CCVUuu8sXLixlFII8QOI6itSvJQXJq9Vs3k_sxjcK0c,BRO Hena
xpB71_9cxa9ff7y1KzzI4f7Gs4F1gJ_dmZZs6rW9UwbdkRs,psavncav
sUrArXM_BrmBz0dy9al1qQmdL20B-GV3aAtj04BiGb1SOdAPJMYY6_0dKg,asdfasdfasdjkl
77sSRwNGdp78xzXh3kWMbG0CT_kp5A7RH9oAOny2czagqwG9uiF9WRJnxw,Wen min A
Bt6oHzKI61J9-bd3i1A_aosUaGxuHD0I0J67EOfA9paczFw,fragiIe
XeLExVDI3wyt8JRKK18rux-M-LqeorLSaDev-GJ2P2FEuoGuk7GRkbPmxg,어디간거니
CczsPDHMPhPjQ9ajUY-K8oZWnGWFJSSlsGAsYHMF4q378z4,칼과 창 방패
QhRGfZeIruoq8uwVrYOfs5pHa-G_AA1nHi3pZ5FOomjbhZU,MIDKlNG
it3U9KqR0Ju9cpt20mbiTi3NNwAU1Jlq-58Wypb0TIZsggU,KT VicLa
Y_tbfECxWBuYVU3XkQwduBm2dE4UpJVqBxp8KZRBh-cwaus,Fredit BRION
N0Ps5XTNW0EsgNEBc5uc3TdYr7QSoCJiwyj_40GCVNCN4Z8,해가지면달이핀다
Jw9rr0U7Z6sYQRATtkfnzDWPD9hFAwPcASm1n9k8TpApRDf-44HY7uD0rg,huangshang1
MlUk-g9hltPPIGSF9kR4vypuE8EtCwUv5kx8xbDUtr72pi4,Night 9 19
B1cmPwu-DFeUdsbgaw0RbX4-AZVmG9CP2Y4zx8eWZ_Zs2F4,TwitchTV Migung
ghKLcxYJ5jyCNVM3JStYub9vpi_5dfbkhZws23RmaquR2qo,KT Castle
Iwvp7B9ysw1EbWvUloRTjsMuN2g1sazYmzdU9Q3zP1Sl1Lo,DK ShowMaker
MHiHkl2zz1mmAd19aWm9Dq_xoAV3J2Tf_hvDzy_SDmsSJf0,연애꽃
qRU-NBgYqTPKMdkMzUjLrkC1PZ9zRtvyjLJ3FlFUVO2mdrQg8tTIRrqUYw,QingQingQing
IgHt2O6RXAJEbYEdOQpqAKAIw0tMTBT7tdYx7Ypwy8usFQI,호잇이
bNE-qW-sS-6iZavxTXwLSFQrwnk17-cgSYJ9Dy6TGLC0z_tPiIIPHiIvmA,게살버거
ylgIxzO_VKxJh0DCmf2QyTnZ8l4nGV3J0H96HVe6HKtiudI,DRX 송현민
fgatNi_jSC__NIh_2vv2UtjoW_dwirwM4EvNSVR_LOxLV74,이 차가 식기전에
Oj7DYCKUnA5BOkD-xp0GBhgi8U-bHgA-CVu6_KBBNzjS_S4,kiin
_A-G8GUAGPKo0hsirwd4jDwtVffvHS8k49kwdin1Qs22A-0,BRO Delight
Q4uglcGS7_BEaYROZtaUQBK4HBgXW8g_bRYtuF4a9pcR8Zs,또 한 방울
gMqY7PHtIQ7NSs_1vDV61XZA9XYI7Bhq4cW6LF4lPa8tQZc,은가뉴
R9z5YppZsSSrAB2uFOsV5ISM8CvCGe3fT90WJGaUMUKA7-k,Gen G Akia
8TSJBudAV5iCIPsXFsIUnXwI42-HId66ao-wkixO65GfgX4,NEED HER
3Dx_JVCpvIXiXBQ_tTW1DmoocgJmdKWk4Kmo__IKELmgqnE,NS Sylvie
FsEPbnzUxju6juhqHxfohLvEOeKSdwwK9tVob_e5SuqgNvGus0oRnhnyGg,신을저주해
CYVxaQMjtvB1lIgtLBU2NwrKOiY2KtXxC5M2D3BwJhkjwQ,하건펭수
xyz92QCp2rpPLc_fgLwby1UL_HQL4Q6A8N7f4wR_2i9liqy2KmdRhvItsw,SMB bangzhu
6Ld9Qh7oOiSat8vom8DwRP031NIojIaJF90j6yzDiIF1OvE,다없수질
SXUII59Y98UrELtNH_aMLCN8OYcuts7-XZmEpxo7-Nb0lnA,어쩌라고맞짱뜰까
SvrJkPtVsUSpGNfq6_GLOqLx2HFuraeje_I1tWq-FSiqASk,Flame for you
b0-7HdASTFOYLK4eiaZAzVfcyqxDw-7R2XKZALnylRDljXmucnX3mpuq3w,xiang ri kui
u7lifgauCLZysTEBEMbk7a0HszbxCiEoD2SZwYGe3bjvq703i6h0cBvZTQ,Dan Xiao Gu
ukpLTJC4M9-OT6xPRtwtGjv58GWX5ebUFOJYGGSuzUeSVik,zenbukorosu
goMX--yGMlDZ_7Vp22mitYaAye-eP1L-3G3aEAbyPV7Mog,언니우기
f5BgDvFU8h74hnV57HzQ1TswPlXJOckUFPD1Dco19G4IPCU,거북이의마음으로
LhnQIIAukAjw2MOJ5bjDnnnYqXBfA5H3-BS8nySyxFaciMc,Pz ZZang
-j5fPy7-LIUCH6mGw7jh02WX1RHeCAWhXtbGFioKRtZibc8,jkjkjkjkk
BfSfPTstWNK5g4bh1aqvxMXbY1h9z9GjBE-DXcmzqUyBLJRvBs1yrVtqIA,laji fuzhu
VMNxhdQhUWrmlf8pCwZBggzl7GZh8ndCtPNzQ1gg_8PlHMA,DK Sharvel
8JfDXcmATsj0kVJxvZI89kIssvMJah7M5dR-1Eo-Jk3WDLc,wjatnsupup
7ikHkgoX7MNtueesFlTyGpXSPgnY66-gjKyUcRUqlLHCtRGrIJK_fGRv9A,TPzhao727472857
FeEPyF8zKgzdXgDo1YKXy4XiM1Rdj2PzxAtcmCRzA2OCZE4,TOPKING
1CMbQLzZ0nSgAKVQATMhHB83n1gf5ulTKD2dR2ubsvGD5K0,viper3
BsLu1J3YdU5RZ47hExC1oylDxHyRHWz5b7x1CRQ5SJEHHH0,재밋는거없나 
isUrK02aic8mijjgIpNjfhEtN2cxwqva0MC9CzBpTgNYDQOq,qwerasdnfjcxzv
Er94oM92I2wn57Rk03hhJr8Uhiww03MKGhhy67e0f_uKTE4,망나니박진수
sBXfDIZ1NAqRI3e-veOcjlB8RjDxNgt0aGNY_5XsNBovTRTmBjxw08StlQ,kushinae
TLLN_q0mW8FhPfBj5O1_JE8nJBa-m8Yl1pziQgQDhS6g9OM,Juhana
1G8fbWJ5SDonmAsf11pm63NqVyBBkSbTVNNbU6cktiTezDQ,Crulser
pZOH3XErYZlzYYNO2BoQhshSiGEfwoSZY3TW0RHOBuEkWmU,요동치 아니하리
E4zjQNgdQSS4JtULRPn-Uj5qZ37HotfPDkdzUld-y6Mv1qg,숨바꼭질
qb9qylPCGARtH17aQM-PpniuhqYXnlM-pThIjCw0yed9juE,K a e 1
xMS5t9q0XSK7TCYVrNtW0SBIH9mrrbzVtaO5RwAlTGbHC_I,듀얼아카데미입학
A_51S4EE_hzNKzU7KIDXRQFS4K6UsM9DMq7XOmjI-zQzkxPXJVWQrNsswQ,바람부는언덕위에
qm-16Fg33ytxzwHObda4prV-JbDgHwN8HzwA1ftFr81kyaY,관 모
VAZ2e_HY7KegwgCIZCvs1rrL4NZP5BIfarSD2otV3VV3d2jiEWS1ltYrHw,얼린레몬차
yBUMGcciEvsJzfPhj8xZ1sdo-SGvf9gptbUz50mGkE9Fb5EA1oMKF9A0TA,Talon817
zb0W8mnvX4zXlYxVmXDSRsFMwzIrD1njwdYZt9zF34V1UZo,Radiohead
VjbphLmzprhTpZVOlLqtUjxC2G3P5ejCxxGdyYGmoYC1GRZMouv6QyeSiA,해피람
JrfEhhIFj7MH7Bf609uxrzlL7HhfvXsJWdDIahwpGxM4KWI,리바이 병장
QYckWEUlCXJZG0Q9XYiEuaW7WKA_1bRSvNhQNP-Zms1V79g,d dayman 
6O7z7ov3Xl2H3c4zZXNU0pcD96oLyn-c0oIUMdV-QQ8tHWaZLWuc4TT-IA,대머리
q38iLvz00L2qPdaPq5sviEd1wPPekxR6ta1N7ICPbxlQ9cpdkFHiTurkzQ,Zhao lu s1
Z2Rj_ZPFCXQCFptfbTj0LIoW5WiXeZlyoNXjO8vVFcYawC_ya1zRdl8T3w,c0ld world
J-6SwnKUAd-e0Xr6r1zoP4EebrnwFrKB3tbhnF49mp6FDnI,난화내
8SSdlCBYNzDMoJdnXjHaxk7A_K6pRJ3sYkZBw6p0rX6S1sX5,Aileri
lBanTqVwsg3Qmprdwh7AstCBz4EQcjmqRAQQs8oLdsC5uQ_nU8peoSGDKw,저 맹굽니다
XJxKpfCELRW6KFjV1KBGvoidlBzLvNLxkgrS07wpo_FrhkA,Quad
K8VZAGs53HNPJ3c26t3-nIhpfTpq2YQEMpZUblDo2leMXnk,Gen G Casting
AYIHLfxJAemE1sGo95lG2loVAhSIt4JCD7uT_IBLzyUqB04,Gen G Quid
H0L82--tGiWfE2nChIm4Th-UsJnXyp0dVQJcOjNC-dVYQEI,눈을 사용하세요
b6B18djFN0Pgx6VK6ipDec8Tr_oeTl7IIZ8d-_RRCVwrXJ8,Chancedong
yM9sZkDVMDhJZdjrICykvijNACjPSBx3Tb_fxeHzG23yS4ZU_X_MNFfGrA,아임 쏘리
lf1ZBkLa0aJfeNqrPxcwikoBqjlWs_hUarZMy2bA47KiHfio,변정현 굉장하다
qtwlbRpcF5cjSpRG3MJL2Oasjzow0ChPOR4rOISvM8wQbcY,Indexy
Nnj2avTjEzWo4kMYCnUsjMH3bhP3RiFwzlXbZ4bkWzPquJB07hbAIvZb_A,meng ling 
1YGdmmkbxp31EODmvfS9z_ghUlvbM0KMP9SEbYBWsrrc0Eo,마틴마틴마틴마틴
OVN_pTTW4dKUbF07CmGWs9fjIPVdoOI2stTbwrPzDQ_HevehIg6PvE0S1Q,불이과 
EupF8X4HuoG0aEkOB9D3VCpamuJVOSy2Z0u17kXH1F9MywCiaN0rvDOn8w,Erilia
cgc0qdagihZpJsSwlDwnuR8jSu3CmMPUIJ1x5_PJwEivh2Y,코 태
z83q4DLU4o-xaXrY_AyiU44_Ot6ucLMpQK6udGGhoUnk2fs,Honpi
rxPaupCz5XPPZ44rutKmscg9PihqscAubh0PDWCyo_l9QboG,T1 Smash1
HIhyRbUtDEwtYwlESSQ31Nf2vjbR61cIwzYMaSubBCl3zF-J-Iho6izdZA,노정택
HFsVpmhK4tZcUAF_Ctd3GijX8veXO8SmXw5ZqDUakMFhXKINOyFd9Im-Og,1등 못하면 안해
nPVspJ_IBGRLHc9vuVvCXuTt7BkHle9pH8EUjgVYwpkDJT87GsZeYynAnA,나는 Hype boy
xXPN5apAojgbOAKyhAdsUMtIsMzOxMn81NDbkfhrB5atoyX2,해피융
b1L0_oXI8lV69Suf9uL4DG_8029neSkNXGYiEXVUtPeB7ure5quQQJShOQ,피그차이나
SGBdEr4_-6X73v9TbLW_L7CNt0LkbxtF4yfGdgYFcTlDvcbFELWMi8akxA,프릭스 모함
huAYycY6SMc6LTkXkMp-tSqlv20ZKT7YVPcv8TQk7AGLUXJcZoeTMajs3w,yblll
rR5-NH57KsrCIaymx7psv0KSSfTctMHaOXX-UJfgoP3dWusIIGxfNEtiFg,rewkfopdsfk
_wwy2VXs71B2G49V5Ki_3KMyJlgjfach2-irAwcZEDfLP6OU2oPIuSvsrg,06 탑차이
nvbjShsvaG9b1rY4XOeG-KVhVD2OPfUCtyPr55ztQZP1WCw,권지인
pARcTIFHg6W8xkHOJ66k1gxWpN2vEtno4-PBWfP3ReaW92WqdHSQz3iePg,Castlng
EokZtiXzmIIn4AP_ipaj1MC5xFip1KBhbHFIu1v9fFIZvcU,끼릭끼리릭
5OkxWp9WRvrPGwKtzfJwen3BSTHxkgJnWMXq9LDAlhrdWvA,DWG KIA
nqrbJ6DJczLK8pFync0ZiOD-6avG5bkToi9HdFrC6GCAn2c,2CORINTHIANS
P-1UEK0zGE4cD0izZMZ-oHyjGncyswjHRjec2Kmj7tKFbcq3S7WzB5OKJw,피들스틱KlNG
6eILZbzZcbpJRHks4omDYFkTPld88So3CXyN571Om1d4vT4,Rascal
TH5DnZeDZ21aFgbRUBeZM-2Sr25vxK6UT3JFVyErp6IJQ1n1Plzy85PIyQ,peng you wan an
v3UA9o8bHUXGo2j5ojlU7Vp3s4O8bn6XQ0QqGTMdxT28hbjb-CuYgGw99A,번갯불의 섬광
nctI7Q5BmyhJt1NfexIQIw2WAgQhbgflb_560EWapJTsRYM,zI존고수짱짱맨
4XHI0sn6Mev9ezgb8iTEKrk3iPLDKIqxe-4hK4docnXKe60,별이샵삼
1V9Y5q3NDLWhNoNfJA7xuR6briEdmxhSIxZqitPqAF2SPUhd3cPsz89p5Q,Orcinus orca boy
Vafretsp7G8Wd0mrSnJ2j7qsUzPxgyaMFOLxb-TSoxsPy4A,범고래사자고양이
w2oQ4mqv3lStbnELz65GlJT7AIj0mLR7lbUy2KqVsjORmAI,한화생명 기몽조
9SbC6BxHDhgb6Cc5bN0SY0K8V-vH4Mfu00M9CezQiEGkkXAPiQCuGsDgwQ,정글도치
0EOmdT1vA-nyXUDfo3jrXniVJS6lxeUgQTSCpoDjQTdr9nQ,T1 F0rest
Hbl_j7wC50cG1g0a7W8JXpj0-sRXPErv5fMTMJeRTW-8FA,케리웅
MuW6XqdmDYedsRP62qYnt8Fjljn1FQWGSGn17eryUfkUptGT,Croco
0IR7dshFExz4jyTWhbEn8oC89O8rKxoW2UmJxI1_pIJ90ypMXEMC6CZZdA,유상증자
cjYvHqmewGKl06ycT34MhfsyZTFXnt2y4mGuldQKcbImJvIoiNyi5x4Geg,꺄하하하반가워요
6AzyVymdnW_xuUT3W2jNy-oehXnEgkcIPjwguEbMUJFTENr2XEgMFfEFjA,경자고 김우민
osx8AeAxQpvYthR681QEJMvKN5M9qVbQq4YZL1JeuzhiDdc,ZOEKlNG
M-i58K4oQ4iQKFaY9cpvbSpiOUkjSWu8aEnp44fBcqZxPw,갈과 배 음료
HcLWe4HFFQ5V3ZSt4O4vEnw9Oq-BeIRrQsXyEYxbfkOSyifwVyFMX-UI8w,midqvq
qaVdTwTVJQLhk_lL7ZGgSVnJZhhOCENS0eTaAvnxp-f1QOnZ,ROX Saebyuck
TZtLRYqNyibQXp3Gkwf6beaBWSjp5SUNvcgZDsZP4fhwxP0,T1 Zeus
Do2ONGzJWE_WzXjrET-Yq7Vs14UmmobBzVko3lT-ep1RaZ1tRgX6Ola7qw,누쇤팍
QJTWUKrGlP-ajEVNqX2f4Wf4Xef_-Ym8XGd37kDgq2fF3EE,이니쉬
aFCJZf4MxLhQR0423NsvMR9Fe-ZzcUXnzU9Gtv3xAGjRnq21,위트미드
rGouEVjbb_YoQ-jkkIGZ5WrufsXG40c0a-SQqkrMNwZMk7w,강하다 별
LaniCMd77F9PVBJ-7cwFD1eiPV0bHM5L-sATlfmK7Z44A4M,솔랭전문서폿
RgNfS8dM_YZBaRr5w6MhtGN13PNU5d8zSeJb5rkYb307t58,코로나시러
3iIcfrIH5WCepJHZGqYuG02kHOeci_K542qQCClwPOKu8XQ,qnewbnuerhj
4F8qax2EK3PnZgAef_Ub3pSn2EOmBCwMNxQ0ksGW_HyUbPmi9Ez5WLaI6A,ningyao
D5GMdi2LGhMVwOHyRkiMvThyJG-QARuYnmey809j9YDmAZ8F,젠지 아키아
P4B-zSa3M11ezibqQ8aC07bFrboRmD0ITWAQbEUy8pfTPss,zhouyudagougou
uLXQ4y2DzoK0A9zE1wmMvjranLdtctBJCfvqxdKQE5yxIM1QCoCHIC0u3Q,뉴뉴킹
4GO04724Sn3eiOmJgqXr2MTRTQehHL9laBFi_FJAA7PjAK5OJ0o0-j4Klg,asdfghjhhg
q0hgmCQD8da8moVlpCyLDa8X4BM2H25saHsXXsFvJmMczXc,tsmtsmtsmtsmtsm
OnwJiqHU6ZVbagQoAEmEBiMlajjsq-5iLEc9bh3SN2HvunU,시간의 숲
pg9CswO91mFvWfENjzCTaknpwXL-Q67e_NnpRx3n_4JkvuI,트위치 다훈갓
_h3jH5OK9OLj-O_MQOG1XK6rLPbMb8iPZSyM0xWzg0BWfUNedfd_DNWzjA,luck game1
Y9CT0awgIZqXdW3qrlQNWlPN1-_kmqA-8jvFskHwo2zsngs_,DK Pullbae
ywFki3KZ7PTnSDmtCa6NnYpjh2A_2DknB5SB-8KOlEEES-o,이렐아칼리
K8buYiQ8sJ7UHowJkJdM5zW3AxSCY65DkBsnJjmc0TQIPn8,DARIKING
KMglV3OBWMp3_w9k0Ax7SEVdUWiAqaW5UVdl-B0cQjihLq0,LSB Envy
nw_t3tLyYXKFvqdQxbTe1-VaTxRW86TJotv0NSZMeZrNrrAZuA-YAjZSAw,knightt
e6je7zs78hBqDHoyFXmZiMymiM4UZjkxJpVLEn7s3JjRm4w,캐 인
QUMt_g4yW7N5ltjVgkhWyd5UiaqjjTCuYwCgcliF0niFGw,댕청한남자
3pSd6OLT9TXKzMj3RD5N1lUQeT2WHqXyBDZw5ow6sH3Cj4usxSeaSkMAHA,Reve Bonheur Toi
QusfmT70GBUR5iVOeF2y8eS-JvvpcOr_a_AMqT2x7j6YALVBtvSQfjlBJg,울부짖는마오카이
vFRNWTCqMNaGcAI2QVNNawYL-I-kGUiPHNAWrVyelI_Ls2ZjbKADH8q_WA,221124
DPNANYCfQN3xumS0IRxGqkKA-R7R8-Dp4McVxmGqNofuEXUo-1vxy89Whw,토마토기러기영우
XXXvLbWXrtmroRRi6gvbTGts3WJnMupZPJHvKGscTgA9UsI,동냥아치
EQ0NTpnPNjU3V-6PNLl_yXN07bbjJd-ztohPYLDnwahEjklfewHNYWOEyg,06 섯돌이
7hM2npDApzBKnyvoMi8g8feJBBui4D-nhdZUlq5AgBgyNQ,Hide on bush
L1v-AH4QnRDP4-vk1lpDw3WGEnuallvHtgpRDZJdQV5zb2o,주니어 네키
Sv-O7G1MdqNJT5be2EA3dfHzrubVmpp6hWb9NwV9CiA1xVU,dengyuting
a3UG5vRlh45OFdiZ719ckRbTTqbVOVaSN1_f9ifyQzPl8wLXworHwwGC_A,Supreme01
0l-JiNNLIpZjegPL6ai0gY3eo8BqyPczHlRTRc83o1AJT8E,kukukuku
fHmtzGxsTjveujy-rAGyXTy3DMF5NoqJRz3dNVKJhIMMyA,기묘기묘
ibaM71hiARB8G6xgKopC2DaxcDLwAuXFC7CVFClcikoSwCAL3FQ8KiZdJA,The Simson
K3Tyg5MadYyXdvinoupbyiLiVt6ZdysTGq76z3hRzrH8-3j8smNrpJz85w,esh0ut
1VkdG6nKIz-64H4p9YFUpjjxcJC1pxTdf-RFxZzDZ1c9YiR_pWHaym_crA,NS Goliath
rP6KpLwa3bfTYYSIyMFaHMOHarEXhreAampnxn03exugA44,전상득
MphkGS0ceJxm5AjRfPJgmmBb8R4YacmGCtu55JoZ_gYDlnk,쭌 베
cxne0-kQvFnwr7rPevodNcVZQRiTZP9KJ5wtnnUg8WxLYXQ,도구는 툴툴
E4dlgH5VsXfL6LZAx7AOWG5tfiA0jv53ulTX_bY1APIcEyJP9aQpuB8HQg,이기고싶댜아
FTUCzv7FnWoobg_WULDLuaWq5GYOsLyhk-dGKs77GX6-9uwQcxBgWqiNNQ,twilignt
Jvm8Xr_L4nl5Qv004JgwF5ShhpIOOiMhxT6FUKNZPrMMq8ol,DK Lucid
n9JAqnDjhx5ef3iKc1wHkqgZx08NMWjt-JZ3lWzk8iqveEE,Gen G Peyz
nt5vc-zikphlRMjccZWtcsHhLqsBPPByBnfeukqADvpj0lmd,허 빙
uuyJC6t9jGj_wPdwnKoBM3ffGneVEc6dV9C5KgIIAm4K8PnLgURU_-Tl6A,Xbm
E2bsgF43pzqQ8zHvn7I8Wvup_4Q0SyHdthVsUCf1T8YL2HmPcsUqL_4V3w,haoeeeee
jCvYLsxPdRMNzkPy7tbnp27P6G9jpY6Zw6dbGuLzgPU2FWlX9Zd_-hQbUw,Academy T1
1s1Pw8A80q-yGEHKpvMwD9keKtlodZ7-Zgona1kxoMsch7A,hhhhbbbb
8LoIbhKXaDahSpfTSSGU9h3ki8ls9u1smNEUrhdrAwVyqvktyQ-SiRYr7g,DAYEKING
O8lBsnO82ajeX1pyw0U9p4S4d8FyGar0X1d57vEWu2xQVK2I_jQdeNhkhg,밤 그리고 새벽
cqhk8lfXmkwTbj4BAgDzUhLOlrGfYPIUY10vgUsmuJ72JF4,어디 가 다들
s8V3THmjKMztm2vmeI0MKBjZuyXFxtcVvlm84tp4192lSBADjfZr_-Zk7g,050912
UkFCc1LaLxr095hIelMO27YZgqMIPbHYvKYaMUctsjX0LuVK,디기디기딕갱갱괭
fNSXoPJU6RKl9BqcoBt4ylI68yQcjYgwHSd_aCCkAsnqZp0,백크님 화이팅
ITQPKygkOq5b6KImOMkg0xaakm2FstqRZ0qaufBD7_QkXqJLYvll35jnvw,BRO Pollu
3FXzInU8YCt80bNJkmIYk0MMrM45T3d7RU-l8cNC7vAtOdeSqpLjjO_Rvw,뉘셰핑
fR1KerJPDW6r9mFC4eKaINcNHw7nZhm4XT_ySv9qcP9HcOA,꿀잼사과잼
8f7kVyq6_BH6FiVAUV35UMxq4ue20T-Jays5mP73VMWwFec,개게알러지
oA5uj9qB5N4hQ6pwxs-t4GRZ6xV9mbVRvtwb7z_XKKz_hnA,디케이 탑
NouzSqz8zZ3-UlLYg1XuGQ4gRsegEEx5C68vyrEbBujEuOM,사는게 우울해요
JJSZPruSmTipa_DhhNbkRZaZ8vZDmZw2W-petBdGlM3lw1xAMJoqWmbvSg,LSB Cypher
H6atIVFwiL8bQ-Hi4-R-wYnOLFDWk_jRxtCZIju_78RVcOc,말악귀
vvZ6qXSdL2xy85ZAAkj1LDW9ZkXQ9YOcAcItWl1r1Yqbqso,cxsadasdz
Y44jETKRQRNKBs8ge5b-ndmSspdBin-kCPq4RvGYblU_pNawLI8ebeRGng,hxqeyff
